Nom	Adresse	CodePostal	Commune	NumInsee	Acces	Latitude	Longitude	Telephone	Courriel	SiteInternet	Facebook	DescriptifLong
FRAC FRANCHE-COMTE	Cité des arts 2 passage des arts	25000	Besançon	25056		47.2363399611	6.0331571102	03 81 87 87 00	contact@frac-franche-comte.fr	www.frac-franche-comte.fr		Le Frac Franche-Comté est un lieu d’exception dédié à la découverte de la création artistique contemporaine. Il se veut un lieu d’échanges et de rencontres ouvert à tous les publics. Conçu par Kengo Kuma, ce bâtiment à dimension humaine et à l'esthétique douce et lumineuse a été conçu pour faciliter la découverte des œuvres par le visiteur lors de sa déambulation. Celui-ci y découvre une programmation sans cesse renouvelée fondée sur un programme d’expositions temporaires ambitieux et des propositions culturelles pluridisciplinaires.
LA CITADELLE DE BESANÇON 	99 rue des Fusillés	25000	Besançon	25056		47.2317613796	6.0318213701	03 81 87 83 33	contact@citadelle.besancon.fr	www.citadelle.com		Chef d'œuvre de Vauban inscrit au Patrimoine mondial de l’UNESCO, la Citadelle de Besançon est considérée comme l’une des plus belles de France. Offrant depuis ses chemins de ronde des panoramas spectaculaires, elle surplombe de plus de cent mètres la vieille ville de la capitale comtoise enserrée dans un méandre de la rivière Doubs. Haut lieu culturel et touristique unique en son genre, savant mélange entre histoire et monde vivant, la Citadelle abrite aujourd’hui derrière ses remparts trois Musées de France : le Musée de la Résistance et de la Déportation, un témoignage poignant sur la Seconde Guerre mondiale à travers de nombreux documents et objets originaux ; le Musée comtois, musée d'ethnographie régionale ouvert sur le monde et les sociétés actuelles, qui transmet l'histoire des hommes et des paysages ayant forgé la Franche-Comté au cours des derniers siècles ; le Muséum, unique et inattendu en ce lieu hors du commun, qui réunit des secteurs animaliers très variés (Jardin zoologique, Insectarium, Aquarium...) et nombre de collections des sciences de la vie et de la Terre (géologiques, botaniques, zoologiques, ethnographiques).
MUSÉE DES BEAUX-ARTS ET D'ARCHÉOLOGIE	1 place de la Révolution	25000	Besançon	25056		47.2400804814	6.0229110718	03 81 87 80 60	musee-beaux-arts-archeologie@besancon.fr	www.mbaa.besancon.fr	www.facebook.com/mbaa.besancon	Situé au cœur de Besançon, dans la boucle du Doubs, le Musée des Beaux-Arts et d'Archéologie est la plus ancienne collection publique de France. Son origine remonte à 1694. A cette date, l'abbé Jean-Baptiste Boisot lègue ses collections à l'abbaye de Saint Vincent de Besançon, aujourd'hui disparue, à condition qu'elles soient accessibles au public. Elles proviennent essentiellement de celles réunies par l'illustre Nicolas Perrenot de Granvelle (dont la Déposition de croix de Bronzino), garde des sceaux et ministre de Charles Quint, par son fils, le cardinal Antoine et d'autres grandes familles bisontines.  Tout au long des XVIIIe, XIXe et XXe siècles, le musée continue de s'enrichir grâce à des legs ou des donations considérables : Pâris en 1819, Donzelot en 1840, Gigoux en 1894 (3000 dessins et 460 tableaux des écoles espagnoles, anglaise, nordique, allemande ...), Willemot en 1897, Besson en 1960 (112 tableaux, 220 dessins de l'époque moderne et contemporaine). Il bénéficie également de prestigieux dépôts de l'Etat (dont L’hallali du cerf de Courbet), des fouilles archéologiques et d'achats majeurs. Installé dans une ancienne halle à grains en 1843 et réaménagé à la fin des années 1960 par un élève de Le Corbusier, Louis Miquel, il fait partie des 20 plus importants musées en région. 
MUSÉE DU TEMPS	Palais Granvelle, 96 Grande rue	25000	Besançon	25056		47.2359174514	6.0269236565	03 81 87 81 50	musee-du-temps@besancon.fr	www.besancon.fr/museedutemps	www.facebook.com/mdt.besancon	Installé depuis 2002 dans un monument historique, le palais Granvelle, le musée du Temps rend hommage à l'histoire et à la tradition horlogère de Besançon. 
MUSÉE DE LA MONTRE	Rue Berçot	25130	Villers-le-Lac	25321		47.0580832839	6.6699671745	381680800	museedelamontre@orange.fr	www.pays-horloger.com		Élégance et raffinement caractérisent ce musée qui propose une immersion dans 5 siècles d'histoire de la montre, cet objet de désir, parfaite alliance du charme et de la technique. Un voyage qui, par la diversité, l'originalité et la richesse des collections présentées, témoigne du génie créateur de l'homme mais aussi des évolutions de ce bijou qui donne l'heure en étant aussi pièce de joaillerie, devenu aujourd'hui objet-culte des grands couturiers. Dix automates grandeur nature refont des gestes oubliés émerveillant petits et grands.
LE PAVILLON DES SCIENCES	Parc scientifique du Près la Rose, Espace Galilée, 3 rue Charles Lalance	25200	Montbéliard	25388	Gratuit	47.5057653878	6.8039488792	381914683	aurelien@pavillon-sciences.com	www.pavillon-sciences.com		Le Pavillon des Sciences, centre de culture scientifique propose des expositions ludiques et interactives sur les différents domaines de la science.
MUSÉE BEURNIER-ROSSEL - MUSEE D'ART ET D'HISTOIRE	Hôtel Beurnier-Rossel, 8 place St Martin	25200	Montbéliard	25388		47.509937	6.797801	03 81 99 24 93	musees@montbeliard.com	www.montbeliard.com		L'Hôtel Beurnier-Rossel situé au cœur de la ville, face au temple Saint-Martin, constitue le lieu de mémoire de la Ville de Montbéliard. Il accueille les riches collections du musée d'Art et d'Histoire. Conçu par Georges David Rossel et Anne Madeleine Beurnier, de 1772 à 1774, cet hôtel est resté dans la famille jusqu'en 1917, date à laquelle le dernier descendant l'a légué à la ville pour en faire un musée historique. Les plans ont été dressés par Philippe de la Guêpière en 1772 lors de son séjour à Montbéliard. Cet architecte français qui a fait carrière dans le Wurtemberg a réalisé entre autres vers 1762 les châteaux de Solitude à Stuttgart et de Monrepos à Ludwigsburg. La composition d'ensemble de ce bâtiment est très nouvelle à Montbéliard avec un corps de logis principal suivi à l'arrière d'une cour entourée de bâtiments de services dont une aile curviligne.  Le premier étage accueille la reconstitution des salons de bourgeois, proches de la cour des ducs de Wurtemberg, avec des portraits de la famille et des notables, des meubles du célèbre ébéniste Abraham Nicolas Couleru, des chaises, fauteuils et canapé Louis XV et Louis XVI, un piano forte de 1790 et la bibliothèque complète d'un érudit de la fin du siècle des lumières. Le grand salon, classé monument historique, présente un superbe poêle en faïence et des boiseries peintes de décors en grisaille.  Le deuxième étage est consacré à l'évocation de l'histoire et des traditions du Pays avec son double particularisme : principauté allemande et protestantisme : on peut y admirer des armoires montbéliardaises, des bonnets à diairi (coiffe locale), de la verquelure, les poids et mesures de la principauté, les images populaires de l'imprimerie Deckherr et quelques jouets des XVVIIIe et XIXe siècles. Les musées de Montbéliard développent depuis plusieurs années une section importante de musiques mécaniques crées autour des productions de l'entreprise L'Epée installée à Sainte Suzanne, (commune voisine de Montbéliard) fabrique française la plus importante de tous les temps. La boîte à musique est un instrument de musique mécanique dont les sons proviennent de la vibration de lames d'acier fixées à une extrémité ; ces lames sont mises en vibration à leur extrémité libre par des picots disposés sur un cylindre animé d'un mouvement rotatif régulier. L'invention de la boîte à musique revient à Antoine Favre en 1776. Il faut attendre 1810 pour que se développe une véritable industrie d'abord en Suisse, ensuite en France et en Europe centrale. Les mouvements manufacturés sont classés en deux catégories : les tabatières, petites boîtes appelées ainsi parce que contenant primitivement du tabac ; elles sont caractérisées par le remontage du mouvement sous la boîte à l'aide d'une clef ; les cartels, dont les mouvements, plus grands, se remontent sur le côté ou par-dessus et qui, au départ ont été fabriqués pour être placés dans les socles des pendules de cheminées.
MUSÉE DU CHÂTEAU DES DUCS DE WURTEMBERG  - VILLE DE MONTBÉLIARD	Cour du château	25205	Montbéliard	25388		47.5098818067	6.7977261543	03 81 99 22 61	musees@montbeliard.com	www.montbeliard.com		Au cœur de la ville de Montbéliard, le château se dresse sur un éperon rocheux qui domine le confluent de la Lizaine et de l'Allan. Ce bâtiment est pendant quatre siècles, de 1397 à 1793, la résidence des ducs de Wurtemberg. En 1960, le château devient un musée regroupant des collections archéologiques, d'histoire naturelle et de beaux-arts. et développant depuis 1970 une collection d'art contemporain. De nombreuses expositions temporaires liées aux différents départements du musée complètent la découverte de ce site.
ÉCOMUSÉE MAISON MICHAUD	26 Combe des Cives	25240	Chapelle-des-Bois	25121		46.616756	6.135927	03 81 69 27 42	ecomusee.jura@gmail.com	www.ecomusee-jura.fr	www.facebook.com/pages/Ecomus%C3%A9e-Maison-Michaud/748067295261949?fref=ts	Ferme à tuyé du XVIIe siècle. De la cave à fromage aux chambres hautes, de la grange à l'écurie, l'écomusée évoque la vie paysanne au cours des siècles passés. Découvrez l'ingéniosité des hommes qui ont su adapter leurs activités aux contraintes d'un climat rude et tirer parti des richesses de la montagne.
MUSÉE GUSTAVE COURBET	1 place Robert Fernier	25290	Ornans	25434	parking à proximité	47.1051239222	6.1472475529	03 81 86 59 55	musee.courbet@doubs.fr	www.musee-courbet.doubs.fr	musee courbet	Le musée Courbet à Ornans est entièrement rénové, agrandi et résolument moderne avec un aménagement de plus de 2000 m2 de surface totale et 21 salles d’exposition permanente et temporaire. Le musée, propriété du Département du Doubs, s’étend sur trois bâtiments : la maison Borel, l’hôtel Hébert et l’hôtel Champereux. Il est empreint d’une grande modernité tout en respectant à la fois l’environnement et le caractère historique et intime de la maison où vécut l’artiste. Sa configuration permet de réaliser des expositions temporaires en simultané avec l’exposition permanente consacrée à l’oeuvre de l’artiste. Le parcours muséographique offre des vues inédites sur la Loue et la ville d’Ornans.  C’est pour rendre hommage à l’artiste que le Conseil général du Doubs s’est engagé dans un ambitieux projet culturel et territorial «Pays de Courbet, pays d’artiste». Ce projet scientifique et artistique, labellisé ethnopôle par le Ministère de la Culture depuis 2010, allie nature et culture autour du peintre. Un parcours dans la collection permanente évoque, d'Ornans à Paris, la carrière de Gustave Courbet, la rupture esthétique qu'il mena ainsi que les milieux artistiques qu'il fréquenta, son engagement politique jusqu'à son exil et sa mort en Suisse. La collection permanente vient d’être enrichie par l’acquisition du Chêne de Flagey  suite à la volonté du Conseil Général et grâce à une souscription nationale réussie. Depuis février 2013, le musée accueille 10 œuvres de Courbet, notament Les paysans de Flagey revenant de la foire, ces tableaux sont confiés par le musée des Beaux-Arts de Besançon actuellement en travaux de restauration.
CHÂTEAU DE JOUX	Château de Joux	25300	La Cluse-et-Mijoux	25157		46.872642	6.374238	381694795	contact@chateaudejoux.com	www.chateaudejoux.com		Riche d’une histoire dix fois centenaire, le Château de Joux vous accueille au cœur d’un site d’exception. Édifié à l'entrée de la Cluse de Pontarlier, le Château de Joux commande d'une centaine de mètres le passage emprunté par la grande route internationale reliant à travers le Jura la vallée de la Saône et la Bourgogne à la Suisse, les Flandres et la Champagne à l'Italie, les mers froides septentrionales à la Méditerranée. Cette situation géographique a de tous temps incité les hommes à fortifier et défendre ce point de passage obligé. La grande voie commerciale qui passe au pied du château se développe à partir du 13e siècle, lors du renouveau des échanges européens, et devient la route du sel et du monachisme. Elle est également empruntée par les armées qui ont utilisé ce passage naturel à travers la montagne jurassienne depuis l'Empire Romain.  Passage obligé, cette cluse a toujours constitué un verrou naturel qu'il était logique, tentant et inévitable de surveiller et surtout de fortifier. Après le rattachement de la Franche-Comté au royaume de France en 1674, le rôle joué par la place frontière de Joux devient capital dans la défense du Pré Carré de Vauban. Au cours des dix siècles de son histoire, le château n’a cessé d’être reconstruit, agrandi et complété : il est aujourd’hui composé de 5 enceintes et s’étend sur deux hectares, sans compter le complément défensif offert par les forts du Larmont inférieur et supérieur, construits face au château.
MUSÉE MUNICIPAL	2, place d'Arçon	25300	Pontarlier	25462		46.90412	6.354636	03 81 38 82 16	musee@ville-pontarlier.com	www.ville-pontarlier.fr		Le musée de Pontarlier est installé depuis 1982 dans une imposante demeure bourgeoise au cœur de la ville. De discrets éléments décoratifs témoignent du passé de cette maison d'époque Renaissance maintes fois remaniée jusqu'à la Belle Époque. Le musée présente sur trois niveaux l'histoire de Pontarlier et de ses environs, selon un parcours original mêlant beaux-arts, archéologie, gravures documentaires, affiches publicitaires et objets du quotidien.
MUSÉE ROGER COMTE	2 rue des Prés	25310	Hérimoncourt	25304		47.447245472	6.879683733	03 81 35 77 84				L'association les Amis du Musée de Roger Comte a pour but de faire connaître l'oeuvre et la vie de ce peintre, artiste inclassable, né à Belfort le 8 juillet 1913, dans une famille modeste.
MUSÉE DE PLEIN AIR DES MAISONS COMTOISES	Rue du musée	25360	Nancray	25418		47.2394763525	6.1848930269	03 81 55 29 77	musee@maisons-comtoises.org	www.maisons-comtoises.org		Authentique fruitière à comté, ferme à tuyé, maison de grès rose et son charri, grange à colombage… pas moins de trente édifices traditionnels comtois des 17e, 18e et 19e siècles, avec mobilier d’époque, ont été démontés de leur lieu d’origine et remontés sur le site. Solutions d’hier pour mieux habiter demain : animaux protégés ou en danger, environnement préservé, jardins et vergers 100% bio, animations et expositions sur l’habitat bioclimatique, cultures, modes de vie… Bien évidemment, le développement durable est au cœur du fonctionnement du musée, depuis la gestion de l’eau jusqu’au choix des produits proposés à la boutique et à la cafétéria, en passant par la gestion des déchets et de l’énergie. Et parce que musée rime aussi avec s’amuser, le parc s’anime d’ateliers et de festivités tout au long de l’année !  Au Musée de plein air des Maisons comtoises, la notion de patrimoine vivant prend tout son sens ! 
FERMES A TUÉ - MUSÉE DU PAYS HORLOGER	5 les Cordiers	25570	Grand'Combe-Châteleu	25285		47.0302667701	6.5735578537	381688690	atp.beugnon@wanadoo.fr	www.atp-beugnon.fr		Rentrez au cœur de la maison traditionnelle du montagnon. Découvrez son tué, vaste cheminée de bois, si caractéristique de notre région. Plongez-vous dans la vie des familles paysannes d’autrefois. Admirez l’ingéniosité de nos ancêtres qui ont su construire cette maison parfaitement adaptée aux exigences climatiques. C’est en 1796 que le Sieur Alexis Girard fit construire cette maison dans le quartier des Cordiers. Ce négociant en balances ainsi que le dernier occupant des lieux Jules Jacquemot, ne se doutaient pas qu’aujourd’hui leur ferme serait un lieu de visite réputé. Alexis Girard avait construit solide, employant bonne pierre et bois coupé en bonne lune. Les pièces de la charpente sont remarquables pour leur longueur et leur élancement. La qualité de ce travail, préservé des transformations maladroites et défigurantes, n’a pas échappé aux spécialistes des Monuments Historiques lorsqu’ils ont inscrit la maison à l’inventaire supplémentaire, ni à l’abbé Garneret qui en reproduit des éléments dans son ouvrage de référence dédié à la maison du montagnon. Ce témoin est devenu la mémoire du Haut-Doubs. C’est ici que se trouve l’origine de la spécialisation laitière et de la filière fromagère. Dans le tué, le fumage des viandes salées préfigure la fabrication actuelle de la saucisse de Morteau et des autres salaisons. C’est encore ici, devant la fenêtre du poêle et de la chambre haute, que le paysan se transforma l’hiver en horloger, annonçant notre industrie des micro-techniques.
MUSÉE DES BEAUX-ARTS	Place Philibert-de-Chalon	39000	Lons-le-Saunier	39300		46.6759452194	5.5537310243	03 84 47 64 30	musees@lonslesaunier.fr	www.ville-lons-le-saunier.fr		Le musée des Beaux-Arts de Lons-le-Saunier est fondé en 1817 par la Société d’émulation du Jura. Constitué en grande partie de dons successifs importants, ce musée est d’abord installé dans une salle de la Préfecture, puis en 1851, il est transféré dans une aile de l’Hôtel de Ville.  Actuellement, le musée se divise en deux sections avec, au rez-de-chaussée, la collection de sculptures et, au premier étage, celle des peintures. Une salle du premier étage est également consacrée aux expositions temporaires.
MAISON NATALE DE LOUIS PASTEUR	43 rue Pasteur	39100	Dole	39198		47.0926312915	5.4964363575	03.84.72.20.61	maisondole@terredelouispasteur.fr		www.facebook.com/terrelouispasteur?fref=ts	Pour la Nuit des musées, la maison natale de Louis Pasteur classée maison des illustres sera ouverte de 19h à 24h gratuitement. les visiteurs pourront redécouvrir librement le musée. Des spectacles leur seront proposés. Mise au point par la compagnie le Sens des mots, la formule du Binôme célèbre la rencontre d’un savant et d’un auteur dramatique, sous forme de projections, de lecture-spectacle et de croisements improbables… Quatre représentations au programme de la Nuit des musées, pour mettre la science en scène.
MUSÉE DES BEAUX-ARTS ET D'ARCHÉOLOGIE	85 rue des Arènes	39100	Dole	39198		47.0896510319	5.4890227318	03 84 79 25 85	musee.dole@wanadoo.fr	www.musees-franchecomte.com		Fondé en 1821, le musée est installé depuis 1980 dans le Pavillon des officiers, bel exemple d’architecture militaire comtoise du XVIIIe siècle. Les collections comptent trois départements : archéologie, art ancien et art contemporain. Le fonds d’art ancien est révélateur de la prospérité de Dole, capitale de la Franche-Comté jusqu'en 1678 : art bourguignon et comtois du Moyen-Age au XVIIIe siècle, peinture française des XVIIe-XVIIIe siècles (Vouet, Mignard, Coypel), école italienne (Giordano, Assereto, Mulinari) et nordique (Maître de Saint-Gilles, Momper, van Boucle), auxquels s'ajoute une collection XIXe siècle faisant la part belle à l’école paysagiste comtoise (Courbet, Ordinaire, Pointelin). L’histoire du Comté de Bourgogne est représentée par des scènes de conquêtes de van der Meulen, Martin des Batailles et Martin des Gobelins. Depuis 1983, une réflexion menée sur l'art contemporain a permis de rassembler des œuvres d'artistes ayant travaillé en France à partir des années 60 et centrées autour de la Figuration Narrative et du Nouveau Réalisme.
GRANDE SALINE ET MUSÉE DU SEL 	Place des Salines	39110	Salins-les-Bains	39500		46.9365062708	5.8766126633	03 84 73 10 92	accueil@salinesdesalins.com	www.salinesdesalins.com		La Grande Saline – Musée du sel est l’occasion de découvrir 1200 ans d’histoire de la production de sel en Franche-Comté.  Depuis le VIIIe siècle, Salins les Bains a su tirer profit d’un don de la nature exceptionnel : le sel. C’est grâce au captage des eaux salées et de son évaporation que la ville a acquis sa prospérité. Les comtes de Bourgogne puis le Roi de France ont assuré le développement et la modernisation d’un patrimoine industriel incomparable qui a perduré jusqu’en 1962. Site de production, il est constamment amélioré, à l’écoute des évolutions techniques de son temps. Véritable ingénierie d’exception, une galerie souterraine surplombée de voûtes construites du XII aux XVe siècles, abrite un système de pompe hydraulique toujours en activité. Plongeant à près de 240m de profondeur, le forage sur lequel est installée la pompe permet de remonter une saumure chargée à 330g de sel par litre.   Mais c’est dans le bâtiment d’évaporation qu’on transforme la saumure en or blanc, en la chauffant dans de vastes poêles. La Grande Saline conserve aujourd’hui la dernière poêle en France, témoin d’une technique millénaire et du labeur des sauniers. Enfin, le Musée du Sel installé près du magasin des sels présente une partie des collections. Il évoque le lien entre la Grande Saline et la Saline Royale D'arc et Senans construite à la fin du XVIIIe siècle pour accroître la production régionale de sel. Haut lieu historique et industriel Comtois, les deux salines sont classées au Patrimoine Mondial par l’UNESCO.
L'ATELIER DES SAVOIR-FAIRE	1 grand'rue	39170	Ravilloles	39453		46.4004096	5.7922376	03 84 42 65 06	info@atelierdessavoirfaire.fr	www.atelierdessavoirfaire.fr		Des matières premières aux objets façonnés, de l'outil au geste, L'atelier des savoir-faire, installé dans une ancienne usine de tournerie, vous révèle cet artisanat qui a façonné le Haut-Jura. Découvrez les tourneurs sur bois, pipiers, layetiers, émailleurs, lunetiers, diamantaires, etc. qui ont forgés la réputation de ce territoire.
MUSÉE DE L'ABBAYE / DONATIONS GUY BARDONE - RENE GENIS	3 place de l'abbaye	39200	Saint-Claude	39478		46.386447	5.865322	03 84 38 12 60	contact@museedelabbaye.fr	www.musees-franchecomte.com		Musée situé dans l’ancien palais abbatial (XIe - XVIIIe siècle) restauré, le musée de l’Abbaye / donations Guy Bardone - René Genis a ouvert ses portes à la fin de l’année 2008. Bénéficiant d’une architecture audacieuse, pensée par l’architecte Adelfo Scaranello, ce musée propose une collection figurative de peintures et de dessins de la fin du XIXe siècle aux années 1980. Plusieurs générations d’artistes se succèdent autour de Bonnard et des Nabis, de Dufy et d’autres peintres affiliés à l’École de Paris… et les peintres donateurs, Guy Bardone et René Genis. Outre une programmation artistique qui alterne des expositions temporaires d’art moderne et d’art contemporain, le musée de l’abbaye soutient la création contemporaine par l’invitation, chaque année, d’un artiste en résidence, et propose toute l’année des rencontres avec le public (concert, spectacle, conférences, performance, lectures…). Le sous-sol du musée abrite des vestiges archéologiques qui offrent aux visiteurs la possibilité de découvrir une parcelle du prestigieux monastère – restaurée sous l’égide des Monuments historiques – qui s’est développé en lieu et place de l’actuel musée. Ce site archéologique dévoile l’histoire des « monastères jurassiens », parmi lesquels Saint-Claude figure comme l’un des plus anciens de France.
MUSÉE DU JOUET	5 rue du Murgin	39260	Moirans-en-Montagne	39333		46.432304	5.726618	03 84 42 38 64	musee-du-jouet@jurasud.net	www.musee-du-jouet.com		Retrouvez les jouets qui ont marqué votre enfance ! Des espaces agrandis et intégralement rénovés en 2012 accueillent une exceptionnelle collection internationale de jeux et jouets. Epoques, pays et cultures se côtoient pour vous conter la belle histoire du jouet.
MUSÉE ARCHÉOLOGIQUE DE CHAMPAGNOLE	26 rue Baronne Delort	39300	Champagnole	39097		46.7456320808	5.9084129333		musee@champagnole.com	www.champagnole.fr/Musee-archeologique		Les collections du musée sont issues de l'époque mérovingienne et de la période gallo-romaine et proviennent de fouilles conduites dans les environs de Champagnole. Elles se répartissent sur deux espaces. Une salle est consacrée à la vie des populations gallo-romaines qui vécurent sur le second plateau jurassien du Ier au Ve siècle à travers l'exemple de deux sites locaux d'importance : Mont Rivel et Saint-Germain-en-Montagne. La seconde salle présente les nécropoles mérovingiennes de Crotenay et Monnet-la-Ville qui témoignent à la fois de phénomènes socio-culturels majeurs et de l'habileté des artisans de l'époque avec la présentation d'armes et de parures.
MUSÉE DE LA LUNETTE	Place Jean Jaurès	39400	Morez	39368		46.52084	6.02268	03 84 33 39 30	info@musee.mairie-morez.fr	www.musee-lunette.fr		Le musée de la lunette conserve et valorise le patrimoine industriel du bassin morézien (Jura). Il vous propose de découvrir le génie industriel des Haut-Jurassiens. Dés la fin du XVIIIe siècle, l’hiver, en famille, ils fabriquent des lunettes dans leurs fermes transformées en ateliers. Un siècle plus tard, ils exportent leur production dans le monde entier. Le musée abrite également la collection Essilor – Pierre Marly, composée de quelques 2 500 pièces de toutes époques et de tous horizons. Ces lunettes rares et précieuses mises en scène vous font traverser 700 ans d’histoire de l’humanité. Enfin, le musée ouvre également son propos aux disciplines scientifiques en décryptant le phénomène de la vision. Observez les principaux troubles de la vision, la manière de les compenser et amusez-vous à des jeux d’illusion et d’optique. Toute l’année, le musée de la lunette vous propose une programmation culturelle variée : expositions temporaires, conférences, ateliers pour tout savoir sur l’optique et ses instruments ! Inauguré en 2003, le musée appartient à un vaste ensemble dédié à l’activité lunetière : le Viseum (architectes G. Reichardt et G. Ferreux, Lons-le-Saunier). Il bénéficie du label « Musée de France », délivré par le ministère de la Culture et de la Communication ainsi que des labels Tourisme et handicap et Qualité Tourisme. Le musée de la lunette est un musée municipal. Il est financé par la Ville de Morez et bénéficie notamment du soutien de la DRAC, de la Région Franche-Comté et du Conseil général du Jura. Chaque année il accueille près de 17 000 visiteurs.
MAISON DE LOUIS PASTEUR	83 rue de Courcelles	39600	Arbois	39013		46.9064	5.7698		maisondelouispasteur@wanadoo.fr	www.academie-sciences.fr/pasteur.htm		Dans cette maison, Louis Pasteur, l'inventeur du vaccin contre la rage revint sa vie durant. La maison a été incroyablement conservée du salon billard à son laboratoire personnel.
MUSÉE D'ART - HOTEL SARRET DE GROZON	9 Grande Rue	39600	Arbois	39013		46.90329	5.773031	03 84 66 55 44	jseve@arbois.fr	www.juramusées.fr ou www.arbois.fr		Le Musée porte le nom de la famille qui légua à la ville d’Arbois, en 1902, son hôtel particulier ainsi que son mobilier et ses collections d’objets (porcelaine et argenterie exceptionnelles) et d’œuvres d’art (tableaux du XVIIe au XIXe siècle, dont les peintres comtois Courbet et Pointelin). Après la mort, en 1931, de Madame de Sarret qui avait gardé la jouissance de la demeure, le musée ouvre en 1934. Ces œuvres reflètent les goûts éclairés de plusieurs générations d’une famille appartenant à l’aristocratie provinciale, dont les appartements ont conservé leurs décors intérieurs. Les portraits d’Arboisiens dessinés au pastel par Louis Pasteur adolescent sont également exposés.
MUSÉE DE LA VIGNE ET DU VIN DU JURA	Château Pécauld rue des Fossés	39600	Arbois	39013		46.9039041369	5.774243474	03 84 66 40 45	museevignevin@wanadoo.fr	www.juramusees.fr		Installé dans un monument remarquable des XIII° et XVIII° siècles appelé « Château Pécauld », le Musée de la Vigne et du Vin du Jura est entouré de vignes plantées autour de la bâtisse. La visite commence au pied des vignes. On y observe les différents cépages associés à leurs substrats caractéristiques (« marnes rouges », « argiles à chailles », …).  On découvre les travaux de la vigne, les outils au fil des siècles... Le parcours se poursuit à l’intérieur du château. L’histoire et les traditions du monde vigneron sont racontées, la crise du phylloxera et autres maladies, les travaux de l’hiver (le greffage, la confection d’échalas), les fêtes populaires, celle du Biou etc. On y rencontre alors différents personnages, du plus folklorique, comme le « garde-fruit » qui traquait les maraudeurs, au plus illustre, comme Louis Pasteur qui fit ses expériences sur le vin… En descendant dans les caves voûtées, les fouloirs, pressoirs, tonneaux, alambics et embouchoirs, révèlent la fabrication du vin, les différentes méthodes de vinification et le conditionnement du vin.
MAISON DU COMTÉ	Avenue de la Résistance 	39801	Poligny	39434		46.834193	5.706419	03 84 37 78 40 	maisonducomte@comte.com	www.maison-du-comte.com		Espace muséographique ludique et interactif pour découvrir toutes les facettes du 1er fromage AOP de France, de la prairie à notre assiette.
MUSEE BARON MARTIN	6 rue Edmond Pigalle	70100	Gray	70279		47.44658	5.593529	03 84 65 06 15	musee@ville-gray.fr	musee-baronmartin.fr		Dans ce château classé Monument historique qui offre les caractéristiques architecturales des grands hôtels parisiens et des demeures de plaisance de la fin du XVIIIe siècle, les lambris clairs décorés de mascarons, de pilastres composites, d’ornements en gypse champêtres et folâtres s’harmonisent avec les collections patiemment choisies depuis plus de deux siècles et avec un parc aux riches frondaisons ombreuses. Dessus de portes paysages de Clesinger, autoportrait d’Oudry, portrait d’apparat de Louis XIV et portrait presque pré-romantique de Louis XV, Galant colporteur de Boucher, vues d’Italie, Femme corsaire de Billardet, commodes galbées et encoignures dialoguent avec les chef-d’œuvre de la peinture flamande et de la peinture française des XIXe ainsi qu’avec avec les riches collections archéologiques évoquant le passé régional installées dans les caveaux appareillés en pierres de taille de l’ancien château médiéval de Gray.
ÉCOMUSÉE DU PAYS DE LA CERISE	206 lieu-dit Petit Fahys	70220	Fougerolles	70245	Accès par la RN 57, entre Remiremont (88) et Luxeuil les Bains (70)	47.902332	6.420185		lm.ecomusee@orange.fr  |  g.larique.ecomusee@orange.fr	www.musees-des-techniques.org	fr-fr.facebook.com/ecomuseedupaysdelacerisesedefougerolles	Situé sur un ancien domaine de distillateur, construit en 1829 et classé monument historique et bâtiment de France, l'écomusée est un musée de territoire témoignant d'une histoire fougerollaise exceptionnelle autour de la production de Kirsch et autres eaux-de-vie. Entre industrialisation, modernité et traditions, us et coutumes et savoir-faire, les visiteurs partent à la rencontre d'hommes qui ont fait de Fougerolles la cité du Kirsch que l'on connait aujourd'hui. Elle était récompensée en 2010 par l'obtention de l'AOC Kirsch.
MUSÉE DE LA MINE	33 place de la mairie	70250	Ronchamp	70451		47.699704103	6.6328883171		musee.ronchamp@wanadoo.fr 	www.mineronchamp.fr		Le Musée Marcel Maulini présente : la vie des mineurs de l'époque, au travail mais aussi en famille, les travaux du Dr Maulini sur la silicose, l'immigration polonaise et italienne qui a conduit à nos jumelages,  de la Géologie avec les fossiles ,  les luttes sociales 
MAISON DE LA NÉGRITUDE ET DES DROITS DE L'HOMME	24 Grande rue	70290	Champagney	70120		47.7055380876	6.6849124432	03 84 23 25 45	negritude.cpy70@wanadoo.fr	www.maisondelanegritude.fr		Lieu de mémoire autour de l'article 29 du cahier de doléances de Champagney réclamant l'abolition de l'esclavage des Noirs (19 mars 1789), la Maison de la Négritude évoque l'histoire de l'esclavage des Noirs et des longs combats ayant mené à son abolition. Elle est aussi ouverte sur l'actualité (violations des droits de l'homme, nouvelles formes d'esclavage...).
MUSÉE DE LA TOUR DES ECHEVINS	36 rue Victor Genoux	70300	Luxeuil-les-Bains	70311		47.817818	6.380138	03 84 40 06 41	patrimoine.tourisme@luxeuil-les-bains.fr	www.luxeuil.fr		Le Musée de la Tour des Échevins est l'un des plus anciens de France. Il a été construit dans la deuxième moitié du XVe siècle par Henri Jouffroy, second fils de Perrin, frère du Cardinal. Aujourd'hui labellisé Musée de France et classé au titre des Monuments Historiques, c'est un bel édifice gothique surmonté d'un beffroi crénelé. On y trouve une importante collection de stèles funéraires, datant du Ier au IIIème siècle ; des ex-voto d'époque gauloise, un bel ensemble de céramiques sigillées gallo-romaines, ainsi qu'une collection Beaux-arts présentant une large sélection d'oeuvres d'artistes régionaux de la première moitié du XXe siècle, où les paysages dominent. La collection réunit un bel ensemble d'oeuvres du peintre Luxovien Jules ADLER.  On accède au sommet de la tour par un remarquable escalier à vis de 146 marches. Du toît-terrasse, le visiteur peut admirer un exceptionnel panorama à 360°, ainsi qu'une remarquable vue sur les Vosges et le Jura.
MUSEE DEPARTEMENTAL DE LA MONTAGNE	Château Lambert	70440	Haut-du-Them-Château-Lambert	70283		47.8562582707	6.7559373379	03 84 20 43 09 	musee-chateau-lambert@cg70.fr	musees.www.cg70.fr	la page du chateau lambert	C'est un chateau
MUSÉE DÉPARTEMENTAL ALBERT ET FÉLICIE DEMARD	7 rue de l'Eglise	70600	Champlitte	70122		47.6168351723	5.5140477419	03 84 67 82 00	musee-champlitte@cg70.fr			C’est en 1952, durant les grands changements liés à l’exode rural et à la modernisation des fermes, qu’Albert et Félicie Demard - fondateurs du musée - commencent à acquérir mobilier et objets, qui contribueront à la naissance du Musée départemental d’Arts et Traditions Populaires, en 1957.   Fondé dans la mouvance du Musée National des Arts et Traditions Populaires, le musée s’installe dans le château de Champlitte et devient départemental en 1963.   Celui-ci offre un aperçu de la société rurale au tournant du 19ème siècle. La scénographie, basée sur des reconstitutions d’intérieurs paysans (salles communes),  d’ateliers de travail (travaux du fer, du chanvre, de la dentelle…) et de commerces (café, épicerie, modiste…) plonge le visiteur dans une communauté villageoise où rites et croyances populaires rythmaient le temps. 
MUSÉE D'ART MODERNE - DONATION MAURICE JARDOT	8 rue de Mulhouse	90000	Belfort	90010	entrée libre	47.642498	6.855808	03 84 54 25 51	musees@mairie-belfort.fr	www.musees-franchecomte.com	www.facebook.com/museesetcitadelle	En donnant à la Ville de Belfort, sa terre natale, près de 150 œuvres choisies durant les quarante années effectuées à la galerie Leiris, Maurice Jardot a souhaité faire de ce don, un ensemble indissociable mis à la disposition du public dans son intégralité. Cette collection prend alors tout son sens en gardant sa profonde singularité. Outre les artistes régulièrement représentés par la galerie Leiris : Picasso, Braque, Léger, Gris, Laurens, Masson, Roger, Beaudin, Kermadec, Manolo et Rouvre, Maurice Jardot n’a pas manqué d’ajouter les témoignages de reconnaissance qu’il a reçu de Chagall, ou les marques d’amitié et d’estime que Le Corbusier a pu lui témoigner.
MUSÉE DES BEAUX ARTS	Tour 41, Rue Georges Pompidou	90000	Belfort	90010		47.640005466	6.8634080887	03 84 54 25 51	musees@mairie-belfort.fr	www.musees-franchecomte.com	www.facebook.com/museesetcitadelle 	Très marquées par les écoles du Nord pour les époques anciennes, les collections du musée des Beaux-arts de Belfort se diversifient au XIXème siècle avec l'apparition de l'école orientaliste, de l'école de Barbizon, de l'impressionnisme et au XXème siècle avec le post-impressionnisme et l'Ecole de Paris. Aménagé en 2008 au sein de la ville historique dans une tour bastionnée spécialement conçue par Vauban pour la défense de Belfort, ce nouveau musée offre un regard croisé sur les collections, dans un cadre architectural soigneusement préservé et mis en valeur. Les espaces disposés autour d'un pilier central pentagonal se succèdent au rythme des salles d'exposition, des lieux de repos, des points de vue sur l'enceinte fortifiée et sur l'architecture. Dans cette nouvelle scénographie, un parcours thématique a été privilégié. Il s'organise autour de cinq thèmes : l'allégorie, l'inspiration religieuse, le paysage, le portrait  et rend hommage à l’œuvre de Camille Lefèvre, sculpteur et collectionneur dont la donation en 1933 offre l'occasion aux musées de Belfort de s'ouvrir sur l'art moderne.
TOUR 46	Rue de l'Ancien Théâtre	90000	Belfort	90010		47.637795	6.861512	03 84 54 25 51	musees@mairie-belfort.fr	www.musees-franchecomte.com		Salle de plain-pied de forme pentagonale, la tour bastionnée 46, oeuvre du célèbre ingénieur du roi Vauban, accueille tous les ans les expositions temporaires des musées de Belfort. Son architecture très marquante confère aux expositions temporaires un magnifique écrin.
MUSÉE D'ART ET D'HISTOIRE	Citadelle de Belfort BP 20223	90020	Belfort	90010		47.641052	6.838571		musees@mairie-belfort.fr	www.musees-franchecomte.com		Complément indispensable à la visite du Grand souterrain de la citadelle qui permet de retrouver et d’approfondir en images les épisodes qui ont marqué la vie de Belfort, le musée d’histoire est composé de collections archéologiques, historiques, ethnologiques, artistiques et militaires. Le Musée d’Histoire de Belfort propose une découverte de l’Histoire de la ville depuis la Préhistoire jusqu’à nos jours. Depuis 2011, un espace est dédié à  Bartholdi et son œuvre, en présentant un fonds de sculptures, de gravures et de photographies anciennes. La collection militaire permet de découvrir l'histoire de la cité et du département, témoins et acteurs de chaque conflit international et des déplacements de frontières grâce à un ensemble de pièces : armes, costumes, souvenirs liés à la défense de Belfort en 1870, maquettes, reconstitutions. Le Grand Souterrain, bâtiment voûté « à l’épreuve de la bombe » selon Vauban, a servi de casernement lors du siège de 1870-1871. Il mêle aujourd’hui lumières, projections vidéo, musiques et commentaires audio pour mieux emmener les visiteurs à la rencontre de quelques grands défenseurs de la patrie et de la liberté dont les noms sonnent si familièrement aux oreilles des Belfortains : Vauban, Kléber, Denfert-Rochereau, Bartholdi… Le Grand Souterrain vous fera découvrir l’histoire des lieux et d’une cité qui incarne une certaine conception de la citoyenneté française.
MUSÉE JAPY, MUSÉE DE L'HORLOGERIE ET DE L'INDUSTRIE MÉCANIQUE	16 rue Frédéric-Japy	90500	Beaucourt	90009	pour tout public	47.485085	6.921474	03 84 56 57 52	museejapy@ville-beaucourt.fr	www.beaucourt.fr		Créé en 1986, il doit sa création à l’intérêt que suscite rapidement l’histoire Japy. Alors que l’entreprise périclite, élus et anciens ouvriers s’engagent pour sauvegarder un patrimoine qui est également le leur. En 1983 débute ainsi la rénovation de l’ancienne usine Japy nommée La Pendulerie, destinée à accueillir un musée dont les collections se constituent grâce aux dons. En 2003, l’État reconnaît l’intérêt de ces dernières en conférant au musée l’appellation « Musées de France ». 
